video_time_sec,quarter,game_clock
1600.0,1st,9:56
1601.0,1st,9:55
1602.0,1st,9:54
1603.0,1st,9:53
1604.0,1st,9:52
1605.0,1st,9:51
1606.0,1st,9:50
1607.0,1st,9:49
1608.0,1st,9:48
1609.0,1st,9:47
1627.0,1st,9:46
1628.0,1st,9:45
1629.0,1st,9:44
1630.0,1st,9:43
1633.0,1st,9:40
1634.0,1st,9:39
1635.0,1st,9:38
1636.0,1st,9:37
1637.0,1st,9:36
1638.0,1st,9:35
1639.0,1st,9:34
1640.0,1st,9:33
1641.0,1st,9:32
1642.0,1st,9:31
1644.0,1st,9:29
1685.0,1st,9:28
1687.0,1st,9:26
1688.0,1st,9:25
1689.0,1st,9:24
1690.0,1st,9:23
1691.0,1st,9:22
1692.0,1st,9:21
1693.0,1st,9:20
1694.0,1st,9:19
1695.0,1st,9:18
1696.0,1st,9:17
1697.0,1st,9:16
1698.0,1st,9:15
1699.0,1st,9:14
1700.0,1st,9:13
1701.0,1st,9:12
1704.0,1st,9:09
1705.0,1st,9:08
1706.0,1st,9:07
1707.0,1st,9:06
1708.0,1st,9:05
1709.0,1st,9:04
1710.0,1st,9:03
1711.0,1st,9:02
1712.0,1st,9:01
1713.0,1st,9:00
1714.0,1st,8:59
1715.0,1st,8:58
1716.0,1st,8:57
1717.0,1st,8:56
1718.0,1st,8:55
1719.0,1st,8:54
1720.0,1st,8:53
1721.0,1st,8:52
1722.0,1st,8:51
1723.0,1st,8:50
1724.0,1st,8:49
1725.0,1st,8:48
1726.0,1st,8:47
1727.0,1st,8:46
1728.0,1st,8:45
1729.0,1st,8:44
1730.0,1st,8:43
1731.0,1st,8:42
1732.0,1st,8:41
1733.0,1st,8:40
1734.0,1st,8:39
1735.0,1st,8:38
1736.0,1st,8:37
1738.0,1st,8:35
1739.0,1st,8:34
1740.0,1st,8:33
1741.0,1st,8:32
1742.0,1st,8:31
1743.0,1st,8:30
1744.0,1st,8:29
1745.0,1st,8:28
1746.0,1st,8:27
1747.0,1st,8:26
1748.0,1st,8:25
1749.0,1st,8:24
1750.0,1st,8:23
1751.0,1st,8:22
1753.0,1st,8:20
1755.0,1st,8:18
1756.0,1st,8:17
1758.0,1st,8:15
1759.0,1st,8:14
1760.0,1st,8:13
1761.0,1st,8:12
1762.0,1st,8:11
1763.0,1st,8:10
1764.0,1st,8:09
1765.0,1st,8:08
1766.0,1st,8:07
1768.0,1st,8:05
1769.0,1st,8:04
1770.0,1st,8:03
1771.0,1st,8:02
1772.0,1st,8:01
1773.0,1st,8:00
1776.0,1st,7:57
1782.0,1st,7:51
1784.0,1st,7:50
1797.0,1st,7:49
1799.0,1st,7:47
1801.0,1st,7:45
1802.0,1st,7:44
1803.0,1st,7:43
1804.0,1st,7:42
1805.0,1st,7:41
1806.0,1st,7:40
1808.0,1st,7:38
1814.0,1st,7:32
1815.0,1st,7:31
1816.0,1st,7:30
1818.0,1st,7:28
1820.0,1st,7:26
1821.0,1st,7:25
1822.0,1st,7:24
1823.0,1st,7:23
1825.0,1st,7:21
1827.0,1st,7:19
1830.0,1st,7:16
1831.0,1st,7:15
1832.0,1st,7:14
1833.0,1st,7:13
1836.0,1st,7:10
1837.0,1st,7:09
1838.0,1st,7:08
1839.0,1st,7:07
1840.0,1st,7:06
1841.0,1st,7:05
1843.0,1st,7:03
1844.0,1st,7:02
1845.0,1st,7:01
1846.0,1st,7:00
1847.0,1st,6:59
1848.0,1st,6:58
1849.0,1st,6:57
1874.0,1st,6:56
1875.0,1st,6:55
1876.0,1st,6:54
1877.0,1st,6:53
1878.0,1st,6:52
1879.0,1st,6:51
1880.0,1st,6:50
1881.0,1st,6:49
1882.0,1st,6:48
1883.0,1st,6:47
1884.0,1st,6:46
1885.0,1st,6:45
1886.0,1st,6:44
1887.0,1st,6:43
1888.0,1st,6:42
1889.0,1st,6:41
1890.0,1st,6:40
1891.0,1st,6:39
1892.0,1st,6:38
1893.0,1st,6:37
1895.0,1st,6:35
1896.0,1st,6:34
1897.0,1st,6:33
1898.0,1st,6:32
1899.0,1st,6:31
1900.0,1st,6:30
1901.0,1st,6:29
1902.0,1st,6:28
1903.0,1st,6:27
1904.0,1st,6:26
1905.0,1st,6:25
1906.0,1st,6:24
1907.0,1st,6:23
1908.0,1st,6:22
1909.0,1st,6:21
1910.0,1st,6:20
1932.0,1st,6:19
1933.0,1st,6:18
1935.0,1st,6:16
1936.0,1st,6:15
1937.0,1st,6:14
1938.0,1st,6:13
1939.0,1st,6:12
1940.0,1st,6:11
1941.0,1st,6:10
1942.0,1st,6:09
1943.0,1st,6:08
1944.0,1st,6:07
1945.0,1st,6:06
1946.0,1st,6:05
1947.0,1st,6:04
1948.0,1st,6:03
1949.0,1st,6:02
1950.0,1st,6:01
1952.0,1st,5:59
1953.0,1st,5:58
1954.0,1st,5:57
1955.0,1st,5:56
1956.0,1st,5:55
1957.0,1st,5:54
1958.0,1st,5:53
1959.0,1st,5:52
1961.0,1st,5:50
1962.0,1st,5:49
1963.0,1st,5:48
1964.0,1st,5:47
1965.0,1st,5:46
1966.0,1st,5:45
1967.0,1st,5:44
1968.0,1st,5:43
1969.0,1st,5:42
1970.0,1st,5:41
1971.0,1st,5:40
1972.0,1st,5:39
1973.0,1st,5:38
1975.0,1st,5:36
1976.0,1st,5:35
1977.0,1st,5:34
1978.0,1st,5:33
1979.0,1st,5:32
1980.0,1st,5:31
1981.0,1st,5:30
1982.0,1st,5:29
1983.0,1st,5:28
1984.0,1st,5:27
1985.0,1st,5:26
1986.0,1st,5:25
1987.0,1st,5:24
1988.0,1st,5:23
1989.0,1st,5:22
1990.0,1st,5:21
1991.0,1st,5:20
1992.0,1st,5:19
1993.0,1st,5:18
1994.0,1st,5:17
1995.0,1st,5:16
1996.0,1st,5:15
1997.0,1st,5:14
1998.0,1st,5:13
1999.0,1st,5:12
2000.0,1st,5:11
2001.0,1st,5:10
2002.0,1st,5:09
2003.0,1st,5:08
2004.0,1st,5:07
2005.0,1st,5:06
2006.0,1st,5:05
2007.0,1st,5:04
2029.0,1st,5:03
2030.0,1st,5:02
2031.0,1st,5:01
2033.0,1st,4:59
2034.0,1st,4:58
2035.0,1st,4:57
2036.0,1st,4:56
2037.0,1st,4:55
2038.0,1st,4:54
2039.0,1st,4:53
2040.0,1st,4:52
2041.0,1st,4:51
2042.0,1st,4:50
2043.0,1st,4:49
2044.0,1st,4:48
2045.0,1st,4:47
2046.0,1st,4:46
2047.0,1st,4:45
2048.0,1st,4:44
2049.0,1st,4:43
2051.0,1st,4:41
2052.0,1st,4:40
2053.0,1st,4:39
2054.0,1st,4:38
2055.0,1st,4:37
2056.0,1st,4:36
2057.0,1st,4:35
2058.0,1st,4:34
2059.0,1st,4:33
2060.0,1st,4:32
2061.0,1st,4:31
2062.0,1st,4:30
2063.0,1st,4:29
2064.0,1st,4:28
2066.0,1st,4:26
2067.0,1st,4:25
2068.0,1st,4:24
2069.0,1st,4:23
2070.0,1st,4:22
2071.0,1st,4:21
2072.0,1st,4:20
2073.0,1st,4:19
2074.0,1st,4:18
2076.0,1st,4:16
2077.0,1st,4:15
2078.0,1st,4:14
2079.0,1st,4:13
2080.0,1st,4:12
2081.0,1st,4:11
2082.0,1st,4:10
2083.0,1st,4:09
2084.0,1st,4:08
2085.0,1st,4:07
2086.0,1st,4:06
2087.0,1st,4:05
2088.0,1st,4:04
2089.0,1st,4:03
2090.0,1st,4:02
2091.0,1st,4:01
2092.0,1st,4:00
2093.0,1st,3:59
2094.0,1st,3:58
2095.0,1st,3:57
2097.0,1st,3:55
2098.0,1st,3:54
2099.0,1st,3:53
2100.0,1st,3:52
2101.0,1st,3:51
2102.0,1st,3:50
2103.0,1st,3:49
2104.0,1st,3:48
2105.0,1st,3:47
2106.0,1st,3:46
2107.0,1st,3:45
2108.0,1st,3:44
2110.0,1st,3:42
2111.0,1st,3:41
2112.0,1st,3:40
2113.0,1st,3:39
2114.0,1st,3:38
2115.0,1st,3:37
2117.0,1st,3:35
2118.0,1st,3:34
2119.0,1st,3:33
2120.0,1st,3:32
2121.0,1st,3:31
2122.0,1st,3:30
2123.0,1st,3:29
2124.0,1st,3:28
2126.0,1st,3:26
2261.0,1st,3:25
2262.0,1st,3:24
2263.0,1st,3:23
2264.0,1st,3:22
2265.0,1st,3:21
2266.0,1st,3:20
2267.0,1st,3:19
2268.0,1st,3:18
2269.0,1st,3:17
2270.0,1st,3:16
2271.0,1st,3:15
2272.0,1st,3:14
2273.0,1st,3:13
2274.0,1st,3:12
2275.0,1st,3:11
2276.0,1st,3:10
2277.0,1st,3:09
2278.0,1st,3:08
2279.0,1st,3:07
2281.0,1st,3:05
2282.0,1st,3:04
2283.0,1st,3:03
2284.0,1st,3:02
2285.0,1st,3:01
2288.0,1st,2:58
2290.0,1st,2:56
2291.0,1st,2:55
2292.0,1st,2:54
2293.0,1st,2:53
2294.0,1st,2:52
2295.0,1st,2:51
2296.0,1st,2:50
2297.0,1st,2:49
2298.0,1st,2:48
2299.0,1st,2:47
2300.0,1st,2:46
2301.0,1st,2:45
2302.0,1st,2:44
2304.0,1st,2:42
2305.0,1st,2:41
2306.0,1st,2:40
2307.0,1st,2:39
2308.0,1st,2:38
2310.0,1st,2:36
2311.0,1st,2:35
2312.0,1st,2:34
2313.0,1st,2:33
2314.0,1st,2:32
2335.0,1st,2:30
2336.0,1st,2:29
2337.0,1st,2:28
2338.0,1st,2:27
2339.0,1st,2:26
2340.0,1st,2:25
2341.0,1st,2:24
2342.0,1st,2:23
2343.0,1st,2:22
2346.0,1st,2:19
2347.0,1st,2:18
2348.0,1st,2:17
2349.0,1st,2:16
2350.0,1st,2:15
2351.0,1st,2:14
2352.0,1st,2:13
2353.0,1st,2:12
2355.0,1st,2:10
2356.0,1st,2:09
2357.0,1st,2:08
2358.0,1st,2:07
2359.0,1st,2:06
2360.0,1st,2:05
2361.0,1st,2:04
2362.0,1st,2:03
2363.0,1st,2:02
2364.0,1st,2:01
2365.0,1st,2:00
2366.0,1st,1:59
2367.0,1st,1:58
2368.0,1st,1:57
2369.0,1st,1:56
2370.0,1st,1:55
2371.0,1st,1:54
2372.0,1st,1:53
2373.0,1st,1:52
2374.0,1st,1:51
2375.0,1st,1:50
2376.0,1st,1:49
2377.0,1st,1:48
2378.0,1st,1:47
2379.0,1st,1:46
2380.0,1st,1:45
2381.0,1st,1:44
2382.0,1st,1:43
2429.0,1st,1:42
2430.0,1st,1:41
2431.0,1st,1:40
2432.0,1st,1:39
2433.0,1st,1:38
2434.0,1st,1:37
2435.0,1st,1:36
2437.0,1st,1:34
2439.0,1st,1:32
2440.0,1st,1:31
2441.0,1st,1:30
2442.0,1st,1:29
2443.0,1st,1:28
2444.0,1st,1:27
2445.0,1st,1:26
2446.0,1st,1:25
2447.0,1st,1:24
2479.0,1st,1:23
2480.0,1st,1:22
2481.0,1st,1:21
2482.0,1st,1:20
2483.0,1st,1:19
2484.0,1st,1:18
2485.0,1st,1:17
2487.0,1st,1:15
2488.0,1st,1:14
2489.0,1st,1:13
2490.0,1st,1:12
2492.0,1st,1:10
2493.0,1st,1:09
2494.0,1st,1:08
2495.0,1st,1:07
2496.0,1st,1:06
2497.0,1st,1:05
2498.0,1st,1:04
2499.0,1st,1:03
2500.0,1st,1:02
2501.0,1st,1:01
2502.0,1st,59.4
2503.0,1st,58.4
2504.0,1st,57.4
2506.0,1st,55.4
2507.0,1st,54.4
2508.0,1st,53.4
2509.0,1st,52.4
2513.0,1st,48.4
2514.0,1st,47.4
2515.0,1st,46.4
2517.0,1st,44.4
2518.0,1st,43.4
2520.0,1st,41.4
2521.0,1st,40.4
2523.0,1st,38.4
2524.0,1st,37.4
2526.0,1st,35.4
2528.0,1st,33.4
2529.0,1st,32.4
2531.0,1st,30.9
2551.0,1st,26.0
2559.0,1st,18.0
2561.0,1st,16.9
2574.0,1st,13.9
2575.0,1st,12.9
2576.0,1st,11.9
2581.0,1st,6.9
2582.0,1st,5.9
2584.0,1st,3.9
2585.0,1st,2.9
2586.0,1st,1.9
2588.0,1st,0.0
2724.0,2nd,9:58
2725.0,2nd,9:57
2726.0,2nd,9:56
2727.0,2nd,9:55
2728.0,2nd,9:54
2729.0,2nd,9:53
2730.0,2nd,9:52
2731.0,2nd,9:51
2732.0,2nd,9:50
2733.0,2nd,9:49
2734.0,2nd,9:48
2735.0,2nd,9:47
2736.0,2nd,9:46
2737.0,2nd,9:45
2738.0,2nd,9:44
2739.0,2nd,9:43
2740.0,2nd,9:42
2742.0,2nd,9:40
2743.0,2nd,9:39
2744.0,2nd,9:38
2745.0,2nd,9:37
2746.0,2nd,9:36
2747.0,2nd,9:35
2748.0,2nd,9:34
2749.0,2nd,9:33
2750.0,2nd,9:32
2752.0,2nd,9:30
2754.0,2nd,9:28
2755.0,2nd,9:27
2756.0,2nd,9:26
2790.0,2nd,9:25
2791.0,2nd,9:24
2792.0,2nd,9:23
2793.0,2nd,9:22
2794.0,2nd,9:21
2796.0,2nd,9:19
2797.0,2nd,9:18
2799.0,2nd,9:16
2800.0,2nd,9:15
2801.0,2nd,9:14
2802.0,2nd,9:13
2803.0,2nd,9:12
2805.0,2nd,9:10
2806.0,2nd,9:09
2838.0,2nd,9:08
2839.0,2nd,9:07
2840.0,2nd,9:06
2841.0,2nd,9:05
2842.0,2nd,9:04
2843.0,2nd,9:03
2844.0,2nd,9:02
2897.0,2nd,9:01
2898.0,2nd,9:00
2899.0,2nd,8:59
2900.0,2nd,8:58
2901.0,2nd,8:57
2902.0,2nd,8:56
2903.0,2nd,8:55
2904.0,2nd,8:54
2905.0,2nd,8:53
2906.0,2nd,8:52
2907.0,2nd,8:51
2908.0,2nd,8:50
2909.0,2nd,8:49
2910.0,2nd,8:48
2911.0,2nd,8:47
2912.0,2nd,8:46
2913.0,2nd,8:45
2914.0,2nd,8:44
2915.0,2nd,8:43
2916.0,2nd,8:42
2917.0,2nd,8:41
2918.0,2nd,8:40
2919.0,2nd,8:39
2920.0,2nd,8:38
2921.0,2nd,8:37
2922.0,2nd,8:36
2923.0,2nd,8:35
2924.0,2nd,8:34
2928.0,2nd,8:32
2956.0,2nd,8:31
2957.0,2nd,8:30
2958.0,2nd,8:29
2959.0,2nd,8:28
2960.0,2nd,8:27
2961.0,2nd,8:26
2962.0,2nd,8:25
2963.0,2nd,8:24
2964.0,2nd,8:23
2965.0,2nd,8:22
2966.0,2nd,8:21
2967.0,2nd,8:20
2968.0,2nd,8:19
2969.0,2nd,8:18
2970.0,2nd,8:17
2971.0,2nd,8:16
2972.0,2nd,8:15
2973.0,2nd,8:14
2974.0,2nd,8:13
2975.0,2nd,8:12
2976.0,2nd,8:11
2977.0,2nd,8:10
2978.0,2nd,8:09
2979.0,2nd,8:08
2980.0,2nd,8:07
2981.0,2nd,8:06
2982.0,2nd,8:05
2983.0,2nd,8:04
2984.0,2nd,8:03
2985.0,2nd,8:02
2986.0,2nd,8:01
2987.0,2nd,8:00
2988.0,2nd,7:59
2989.0,2nd,7:58
2990.0,2nd,7:57
2992.0,2nd,7:55
3048.0,2nd,7:54
3049.0,2nd,7:53
3050.0,2nd,7:52
3051.0,2nd,7:51
3052.0,2nd,7:50
3053.0,2nd,7:49
3054.0,2nd,7:48
3056.0,2nd,7:46
3057.0,2nd,7:45
3059.0,2nd,7:43
3061.0,2nd,7:41
3064.0,2nd,7:38
3065.0,2nd,7:37
3066.0,2nd,7:36
3068.0,2nd,7:34
3069.0,2nd,7:33
3070.0,2nd,7:32
3071.0,2nd,7:31
3073.0,2nd,7:29
3074.0,2nd,7:28
3076.0,2nd,7:26
3077.0,2nd,7:25
3078.0,2nd,7:24
3079.0,2nd,7:23
3080.0,2nd,7:22
3081.0,2nd,7:21
3082.0,2nd,7:20
3083.0,2nd,7:19
3084.0,2nd,7:18
3085.0,2nd,7:17
3086.0,2nd,7:16
3088.0,2nd,7:14
3090.0,2nd,7:12
3094.0,2nd,7:08
3095.0,2nd,7:07
3096.0,2nd,7:06
3097.0,2nd,7:05
3099.0,2nd,7:03
3100.0,2nd,7:02
3101.0,2nd,7:01
3102.0,2nd,7:00
3103.0,2nd,6:59
3104.0,2nd,6:58
3105.0,2nd,6:57
3106.0,2nd,6:56
3107.0,2nd,6:55
3108.0,2nd,6:54
3109.0,2nd,6:53
3110.0,2nd,6:52
3111.0,2nd,6:51
3112.0,2nd,6:50
3113.0,2nd,6:49
3114.0,2nd,6:48
3115.0,2nd,6:47
3116.0,2nd,6:46
3117.0,2nd,6:45
3118.0,2nd,6:44
3119.0,2nd,6:43
3120.0,2nd,6:42
3121.0,2nd,6:41
3122.0,2nd,6:40
3123.0,2nd,6:39
3124.0,2nd,6:38
3125.0,2nd,6:37
3126.0,2nd,6:36
3127.0,2nd,6:35
3128.0,2nd,6:34
3129.0,2nd,6:33
3130.0,2nd,6:32
3131.0,2nd,6:31
3132.0,2nd,6:30
3133.0,2nd,6:29
3134.0,2nd,6:28
3135.0,2nd,6:27
3136.0,2nd,6:26
3137.0,2nd,6:25
3139.0,2nd,6:23
3140.0,2nd,6:22
3141.0,2nd,6:21
3142.0,2nd,6:20
3143.0,2nd,6:19
3144.0,2nd,6:18
3146.0,2nd,6:16
3147.0,2nd,6:15
3148.0,2nd,6:14
3149.0,2nd,6:13
3150.0,2nd,6:12
3213.0,2nd,6:11
3214.0,2nd,6:10
3215.0,2nd,6:09
3216.0,2nd,6:08
3217.0,2nd,6:07
3218.0,2nd,6:06
3219.0,2nd,6:05
3355.0,2nd,6:04
3356.0,2nd,6:03
3357.0,2nd,6:02
3358.0,2nd,6:01
3359.0,2nd,6:00
3360.0,2nd,5:59
3416.0,2nd,5:58
3417.0,2nd,5:57
3418.0,2nd,5:56
3419.0,2nd,5:55
3421.0,2nd,5:53
3422.0,2nd,5:52
3423.0,2nd,5:51
3424.0,2nd,5:50
3425.0,2nd,5:49
3426.0,2nd,5:48
3427.0,2nd,5:47
3428.0,2nd,5:46
3429.0,2nd,5:45
3430.0,2nd,5:44
3431.0,2nd,5:43
3432.0,2nd,5:42
3433.0,2nd,5:41
3434.0,2nd,5:40
3435.0,2nd,5:39
3543.0,2nd,5:38
3544.0,2nd,5:37
3545.0,2nd,5:36
3546.0,2nd,5:35
3548.0,2nd,5:33
3549.0,2nd,5:32
3550.0,2nd,5:31
3552.0,2nd,5:29
3553.0,2nd,5:28
3554.0,2nd,5:27
3555.0,2nd,5:26
3556.0,2nd,5:25
3557.0,2nd,5:24
3558.0,2nd,5:23
3559.0,2nd,5:22
3560.0,2nd,5:21
3572.0,2nd,5:20
3573.0,2nd,5:19
3574.0,2nd,5:18
3575.0,2nd,5:17
3576.0,2nd,5:16
3577.0,2nd,5:15
3578.0,2nd,5:14
3579.0,2nd,5:13
3580.0,2nd,5:12
3581.0,2nd,5:11
3582.0,2nd,5:10
3583.0,2nd,5:09
3584.0,2nd,5:08
3585.0,2nd,5:07
3586.0,2nd,5:06
3587.0,2nd,5:05
3588.0,2nd,5:04
3589.0,2nd,5:03
3590.0,2nd,5:02
3591.0,2nd,5:01
3593.0,2nd,4:59
3594.0,2nd,4:58
3595.0,2nd,4:57
3596.0,2nd,4:56
3597.0,2nd,4:55
3598.0,2nd,4:54
3599.0,2nd,4:53
3600.0,2nd,4:52
3601.0,2nd,4:51
3603.0,2nd,4:49
3604.0,2nd,4:48
3605.0,2nd,4:47
3606.0,2nd,4:46
3607.0,2nd,4:45
3608.0,2nd,4:44
3609.0,2nd,4:43
3610.0,2nd,4:42
3611.0,2nd,4:41
3612.0,2nd,4:40
3613.0,2nd,4:39
3614.0,2nd,4:38
3615.0,2nd,4:37
3616.0,2nd,4:36
3617.0,2nd,4:35
3618.0,2nd,4:34
3619.0,2nd,4:33
3620.0,2nd,4:32
3621.0,2nd,4:31
3622.0,2nd,4:30
3623.0,2nd,4:29
3624.0,2nd,4:28
3625.0,2nd,4:27
3626.0,2nd,4:26
3627.0,2nd,4:25
3628.0,2nd,4:24
3658.0,2nd,4:23
3659.0,2nd,4:22
3660.0,2nd,4:21
3661.0,2nd,4:20
3662.0,2nd,4:19
3663.0,2nd,4:18
3664.0,2nd,4:17
3666.0,2nd,4:15
3667.0,2nd,4:14
3668.0,2nd,4:13
3669.0,2nd,4:12
3671.0,2nd,4:10
3672.0,2nd,4:09
3673.0,2nd,4:08
3674.0,2nd,4:07
3676.0,2nd,4:05
3678.0,2nd,4:03
3679.0,2nd,4:02
3680.0,2nd,4:01
3681.0,2nd,4:00
3682.0,2nd,3:59
3683.0,2nd,3:58
3684.0,2nd,3:57
3685.0,2nd,3:56
3686.0,2nd,3:55
3688.0,2nd,3:53
3689.0,2nd,3:52
3690.0,2nd,3:51
3691.0,2nd,3:50
3692.0,2nd,3:49
3693.0,2nd,3:48
3694.0,2nd,3:47
3695.0,2nd,3:46
3696.0,2nd,3:45
3829.0,2nd,3:44
3830.0,2nd,3:43
3831.0,2nd,3:42
3832.0,2nd,3:41
3833.0,2nd,3:40
3834.0,2nd,3:39
3835.0,2nd,3:38
3836.0,2nd,3:37
3837.0,2nd,3:36
3838.0,2nd,3:35
3840.0,2nd,3:33
3841.0,2nd,3:32
3842.0,2nd,3:31
3843.0,2nd,3:30
3844.0,2nd,3:29
3845.0,2nd,3:28
3846.0,2nd,3:27
3848.0,2nd,3:25
3849.0,2nd,3:24
3851.0,2nd,3:22
3853.0,2nd,3:20
3854.0,2nd,3:19
3855.0,2nd,3:18
3856.0,2nd,3:17
3857.0,2nd,3:16
3858.0,2nd,3:15
3859.0,2nd,3:14
3860.0,2nd,3:13
3861.0,2nd,3:12
3863.0,2nd,3:10
3864.0,2nd,3:09
3865.0,2nd,3:08
3866.0,2nd,3:07
3868.0,2nd,3:05
3869.0,2nd,3:04
3870.0,2nd,3:03
3871.0,2nd,3:02
3872.0,2nd,3:01
3873.0,2nd,3:00
3874.0,2nd,2:59
3875.0,2nd,2:58
3876.0,2nd,2:57
3877.0,2nd,2:56
3878.0,2nd,2:55
3879.0,2nd,2:54
3880.0,2nd,2:53
3881.0,2nd,2:52
3884.0,2nd,2:49
3885.0,2nd,2:48
3886.0,2nd,2:47
3887.0,2nd,2:46
3888.0,2nd,2:45
3889.0,2nd,2:44
3890.0,2nd,2:43
3891.0,2nd,2:42
3892.0,2nd,2:41
3893.0,2nd,2:40
3894.0,2nd,2:39
3895.0,2nd,2:38
3896.0,2nd,2:37
3897.0,2nd,2:36
3898.0,2nd,2:35
3899.0,2nd,2:34
3900.0,2nd,2:33
3902.0,2nd,2:31
3903.0,2nd,2:30
3904.0,2nd,2:29
3905.0,2nd,2:28
3906.0,2nd,2:27
3907.0,2nd,2:26
3908.0,2nd,2:25
3909.0,2nd,2:24
3910.0,2nd,2:23
3919.0,2nd,2:14
3920.0,2nd,2:13
3921.0,2nd,2:12
3922.0,2nd,2:11
3923.0,2nd,2:10
3924.0,2nd,2:09
3925.0,2nd,2:08
3926.0,2nd,2:07
3927.0,2nd,2:06
3928.0,2nd,2:05
3929.0,2nd,2:04
3930.0,2nd,2:03
3931.0,2nd,2:02
3932.0,2nd,2:01
3933.0,2nd,2:00
3934.0,2nd,1:59
3935.0,2nd,1:58
3936.0,2nd,1:57
3937.0,2nd,1:56
3938.0,2nd,1:55
3939.0,2nd,1:54
3940.0,2nd,1:53
3941.0,2nd,1:52
3942.0,2nd,1:51
3943.0,2nd,1:50
3992.0,2nd,1:48
3993.0,2nd,1:47
3994.0,2nd,1:46
3995.0,2nd,1:45
3996.0,2nd,1:44
3997.0,2nd,1:43
3999.0,2nd,1:41
4000.0,2nd,1:40
4002.0,2nd,1:38
4003.0,2nd,1:37
4005.0,2nd,1:35
4007.0,2nd,1:33
4008.0,2nd,1:32
4009.0,2nd,1:31
4010.0,2nd,1:30
4011.0,2nd,1:29
4012.0,2nd,1:28
4014.0,2nd,1:26
4016.0,2nd,1:24
4017.0,2nd,1:23
4018.0,2nd,1:22
4019.0,2nd,1:21
4020.0,2nd,1:20
4021.0,2nd,1:19
4022.0,2nd,1:18
4024.0,2nd,1:16
4025.0,2nd,1:15
4026.0,2nd,1:14
4027.0,2nd,1:13
4028.0,2nd,1:12
4030.0,2nd,1:10
4031.0,2nd,1:09
4032.0,2nd,1:08
4033.0,2nd,1:07
4034.0,2nd,1:06
4035.0,2nd,1:05
4036.0,2nd,1:04
4037.0,2nd,1:03
4038.0,2nd,1:02
4039.0,2nd,1:01
4040.0,2nd,59.8
4041.0,2nd,58.8
4042.0,2nd,57.8
4043.0,2nd,56.8
4044.0,2nd,55.8
4045.0,2nd,54.8
4046.0,2nd,53.8
4047.0,2nd,52.8
4048.0,2nd,51.8
4049.0,2nd,50.8
4051.0,2nd,48.8
4153.0,2nd,47.9
4180.0,2nd,46.9
4181.0,2nd,45.9
4182.0,2nd,44.9
4184.0,2nd,42.9
4185.0,2nd,41.9
4186.0,2nd,40.9
4187.0,2nd,39.9
4188.0,2nd,38.9
4189.0,2nd,37.9
4190.0,2nd,36.9
4192.0,2nd,34.9
4194.0,2nd,32.9
4196.0,2nd,30.9
4198.0,2nd,28.9
4199.0,2nd,27.9
4200.0,2nd,26.9
4201.0,2nd,26.4
4232.0,2nd,25.9
4233.0,2nd,24.9
4234.0,2nd,23.9
4235.0,2nd,22.9
4236.0,2nd,21.9
4237.0,2nd,20.9
4239.0,2nd,18.9
4241.0,2nd,16.9
4242.0,2nd,15.9
4243.0,2nd,14.9
4244.0,2nd,13.9
4245.0,2nd,12.9
4246.0,2nd,11.9
4247.0,2nd,10.9
4249.0,2nd,8.9
4252.0,2nd,6.7
4379.0,2nd,0.0
5334.0,3rd,9:56
5335.0,3rd,9:55
5336.0,3rd,9:54
5337.0,3rd,9:53
5338.0,3rd,9:52
5339.0,3rd,9:51
5376.0,3rd,9:50
5377.0,3rd,9:49
5378.0,3rd,9:48
5379.0,3rd,9:47
5380.0,3rd,9:46
5381.0,3rd,9:45
5382.0,3rd,9:44
5383.0,3rd,9:43
5384.0,3rd,9:42
5385.0,3rd,9:41
5386.0,3rd,9:40
5387.0,3rd,9:39
5388.0,3rd,9:38
5389.0,3rd,9:37
5390.0,3rd,9:36
5391.0,3rd,9:35
5392.0,3rd,9:34
5413.0,3rd,9:33
5414.0,3rd,9:32
5415.0,3rd,9:31
5416.0,3rd,9:30
5418.0,3rd,9:28
5419.0,3rd,9:27
5420.0,3rd,9:26
5421.0,3rd,9:25
5422.0,3rd,9:24
5423.0,3rd,9:23
5424.0,3rd,9:22
5425.0,3rd,9:21
5426.0,3rd,9:20
5427.0,3rd,9:19
5428.0,3rd,9:18
5429.0,3rd,9:17
5430.0,3rd,9:16
5431.0,3rd,9:15
5432.0,3rd,9:14
5433.0,3rd,9:13
5434.0,3rd,9:12
5436.0,3rd,9:10
5439.0,3rd,9:07
5441.0,3rd,9:05
5442.0,3rd,9:04
5443.0,3rd,9:03
5444.0,3rd,9:02
5445.0,3rd,9:01
5446.0,3rd,9:00
5447.0,3rd,8:59
5448.0,3rd,8:58
5449.0,3rd,8:57
5450.0,3rd,8:56
5451.0,3rd,8:55
5452.0,3rd,8:54
5453.0,3rd,8:53
5454.0,3rd,8:52
5455.0,3rd,8:51
5456.0,3rd,8:50
5457.0,3rd,8:49
5458.0,3rd,8:48
5459.0,3rd,8:47
5460.0,3rd,8:46
5461.0,3rd,8:45
5462.0,3rd,8:44
5463.0,3rd,8:43
5464.0,3rd,8:42
5465.0,3rd,8:41
5466.0,3rd,8:40
5467.0,3rd,8:39
5468.0,3rd,8:38
5469.0,3rd,8:37
5470.0,3rd,8:36
5471.0,3rd,8:35
5472.0,3rd,8:34
5473.0,3rd,8:33
5474.0,3rd,8:32
5475.0,3rd,8:31
5476.0,3rd,8:30
5477.0,3rd,8:29
5478.0,3rd,8:28
5479.0,3rd,8:27
5480.0,3rd,8:26
5481.0,3rd,8:25
5482.0,3rd,8:24
5483.0,3rd,8:23
5484.0,3rd,8:22
5485.0,3rd,8:21
5486.0,3rd,8:20
5487.0,3rd,8:19
5488.0,3rd,8:18
5489.0,3rd,8:17
5490.0,3rd,8:16
5491.0,3rd,8:15
5492.0,3rd,8:14
5493.0,3rd,8:13
5494.0,3rd,8:12
5495.0,3rd,8:11
5496.0,3rd,8:10
5497.0,3rd,8:09
5498.0,3rd,8:08
5499.0,3rd,8:07
5500.0,3rd,8:06
5501.0,3rd,8:05
5502.0,3rd,8:04
5503.0,3rd,8:03
5504.0,3rd,8:02
5505.0,3rd,8:01
5506.0,3rd,8:00
5509.0,3rd,7:57
5511.0,3rd,7:55
5513.0,3rd,7:53
5516.0,3rd,7:50
5517.0,3rd,7:49
5518.0,3rd,7:48
5519.0,3rd,7:47
5520.0,3rd,7:46
5521.0,3rd,7:45
5522.0,3rd,7:44
5523.0,3rd,7:43
5524.0,3rd,7:42
5525.0,3rd,7:41
5526.0,3rd,7:40
5527.0,3rd,7:39
5528.0,3rd,7:38
5535.0,3rd,7:31
5537.0,3rd,7:29
5538.0,3rd,7:28
5539.0,3rd,7:27
5542.0,3rd,7:24
5543.0,3rd,7:23
5544.0,3rd,7:22
5545.0,3rd,7:21
5546.0,3rd,7:20
5547.0,3rd,7:19
5548.0,3rd,7:18
5550.0,3rd,7:16
5551.0,3rd,7:15
5554.0,3rd,7:12
5556.0,3rd,7:10
5557.0,3rd,7:09
5558.0,3rd,7:08
5559.0,3rd,7:07
5560.0,3rd,7:06
5561.0,3rd,7:05
5562.0,3rd,7:04
5623.0,3rd,7:03
5624.0,3rd,7:02
5625.0,3rd,7:01
5626.0,3rd,7:00
5627.0,3rd,6:59
5628.0,3rd,6:58
5629.0,3rd,6:57
5630.0,3rd,6:56
5631.0,3rd,6:55
5632.0,3rd,6:54
5633.0,3rd,6:53
5634.0,3rd,6:52
5635.0,3rd,6:51
5636.0,3rd,6:50
5637.0,3rd,6:49
5638.0,3rd,6:48
5639.0,3rd,6:47
5640.0,3rd,6:46
5641.0,3rd,6:45
5642.0,3rd,6:44
5643.0,3rd,6:43
5644.0,3rd,6:42
5645.0,3rd,6:41
5646.0,3rd,6:40
5647.0,3rd,6:39
5648.0,3rd,6:38
5651.0,3rd,6:35
5652.0,3rd,6:34
5653.0,3rd,6:33
5654.0,3rd,6:32
5655.0,3rd,6:31
5656.0,3rd,6:30
5657.0,3rd,6:29
5658.0,3rd,6:28
5659.0,3rd,6:27
5660.0,3rd,6:26
5661.0,3rd,6:25
5662.0,3rd,6:24
5663.0,3rd,6:23
5664.0,3rd,6:22
5666.0,3rd,6:20
5667.0,3rd,6:19
5668.0,3rd,6:18
5669.0,3rd,6:17
5670.0,3rd,6:16
5671.0,3rd,6:15
5672.0,3rd,6:14
5673.0,3rd,6:13
5674.0,3rd,6:12
5675.0,3rd,6:11
5676.0,3rd,6:10
5677.0,3rd,6:09
5678.0,3rd,6:08
5679.0,3rd,6:07
5681.0,3rd,6:05
5682.0,3rd,6:04
5683.0,3rd,6:03
5684.0,3rd,6:02
5685.0,3rd,6:01
5687.0,3rd,5:59
5688.0,3rd,5:58
5689.0,3rd,5:57
5690.0,3rd,5:56
5691.0,3rd,5:55
5692.0,3rd,5:54
5693.0,3rd,5:53
5694.0,3rd,5:52
5695.0,3rd,5:51
5696.0,3rd,5:50
5697.0,3rd,5:49
5698.0,3rd,5:48
5699.0,3rd,5:47
5707.0,3rd,5:39
5729.0,3rd,5:38
5730.0,3rd,5:37
5732.0,3rd,5:35
5733.0,3rd,5:34
5734.0,3rd,5:33
5750.0,3rd,5:32
5751.0,3rd,5:31
5752.0,3rd,5:30
5753.0,3rd,5:29
5754.0,3rd,5:28
5755.0,3rd,5:27
5756.0,3rd,5:26
5757.0,3rd,5:25
5758.0,3rd,5:24
5759.0,3rd,5:23
5760.0,3rd,5:22
5761.0,3rd,5:21
5762.0,3rd,5:20
5763.0,3rd,5:19
5794.0,3rd,5:18
5795.0,3rd,5:17
5796.0,3rd,5:16
5797.0,3rd,5:15
5798.0,3rd,5:14
5799.0,3rd,5:13
5800.0,3rd,5:12
5801.0,3rd,5:11
5802.0,3rd,5:10
5803.0,3rd,5:09
5804.0,3rd,5:08
5805.0,3rd,5:07
5806.0,3rd,5:06
5807.0,3rd,5:05
5808.0,3rd,5:04
5809.0,3rd,5:03
5810.0,3rd,5:02
5811.0,3rd,5:01
5812.0,3rd,5:00
5813.0,3rd,4:59
5814.0,3rd,4:58
5815.0,3rd,4:57
5816.0,3rd,4:56
5817.0,3rd,4:55
5818.0,3rd,4:54
5821.0,3rd,4:51
5822.0,3rd,4:50
5823.0,3rd,4:49
5824.0,3rd,4:48
5826.0,3rd,4:46
5827.0,3rd,4:45
5828.0,3rd,4:44
5829.0,3rd,4:43
5830.0,3rd,4:42
5831.0,3rd,4:41
5832.0,3rd,4:40
5833.0,3rd,4:39
5834.0,3rd,4:38
5835.0,3rd,4:37
5836.0,3rd,4:36
5837.0,3rd,4:35
5838.0,3rd,4:34
5839.0,3rd,4:33
5840.0,3rd,4:32
5841.0,3rd,4:31
5842.0,3rd,4:30
5843.0,3rd,4:29
5844.0,3rd,4:28
5845.0,3rd,4:27
5847.0,3rd,4:25
5848.0,3rd,4:24
5849.0,3rd,4:23
5850.0,3rd,4:22
5851.0,3rd,4:21
5852.0,3rd,4:20
5854.0,3rd,4:18
6042.0,3rd,4:17
6043.0,3rd,4:16
6044.0,3rd,4:15
6045.0,3rd,4:14
6046.0,3rd,4:13
6047.0,3rd,4:12
6048.0,3rd,4:11
6049.0,3rd,4:10
6051.0,3rd,4:08
6052.0,3rd,4:07
6054.0,3rd,4:05
6055.0,3rd,4:04
6080.0,3rd,4:03
6081.0,3rd,4:02
6084.0,3rd,3:59
6085.0,3rd,3:58
6086.0,3rd,3:57
6087.0,3rd,3:56
6088.0,3rd,3:55
6089.0,3rd,3:54
6090.0,3rd,3:53
6091.0,3rd,3:52
6092.0,3rd,3:51
6093.0,3rd,3:50
6094.0,3rd,3:49
6095.0,3rd,3:48
6096.0,3rd,3:47
6097.0,3rd,3:46
6098.0,3rd,3:45
6099.0,3rd,3:44
6100.0,3rd,3:43
6101.0,3rd,3:42
6102.0,3rd,3:41
6103.0,3rd,3:40
6104.0,3rd,3:39
6105.0,3rd,3:38
6106.0,3rd,3:37
6107.0,3rd,3:36
6108.0,3rd,3:35
6110.0,3rd,3:33
6111.0,3rd,3:32
6112.0,3rd,3:31
6113.0,3rd,3:30
6114.0,3rd,3:29
6115.0,3rd,3:28
6116.0,3rd,3:27
6117.0,3rd,3:26
6118.0,3rd,3:25
6119.0,3rd,3:24
6120.0,3rd,3:23
6121.0,3rd,3:22
6122.0,3rd,3:21
6123.0,3rd,3:20
6124.0,3rd,3:19
6125.0,3rd,3:18
6126.0,3rd,3:17
6127.0,3rd,3:16
6128.0,3rd,3:15
6129.0,3rd,3:14
6130.0,3rd,3:13
6146.0,3rd,3:08
6147.0,3rd,3:07
6148.0,3rd,3:06
6149.0,3rd,3:05
6150.0,3rd,3:04
6151.0,3rd,3:03
6152.0,3rd,3:02
6153.0,3rd,3:01
6155.0,3rd,2:59
6156.0,3rd,2:58
6157.0,3rd,2:57
6158.0,3rd,2:56
6159.0,3rd,2:55
6160.0,3rd,2:54
6161.0,3rd,2:53
6162.0,3rd,2:52
6163.0,3rd,2:51
6164.0,3rd,2:50
6165.0,3rd,2:49
6166.0,3rd,2:48
6167.0,3rd,2:47
6168.0,3rd,2:46
6169.0,3rd,2:45
6170.0,3rd,2:44
6171.0,3rd,2:43
6173.0,3rd,2:41
6174.0,3rd,2:40
6176.0,3rd,2:38
6251.0,3rd,2:37
6253.0,3rd,2:35
6254.0,3rd,2:34
6255.0,3rd,2:33
6257.0,3rd,2:31
6258.0,3rd,2:30
6259.0,3rd,2:29
6260.0,3rd,2:28
6261.0,3rd,2:27
6262.0,3rd,2:26
6263.0,3rd,2:25
6264.0,3rd,2:24
6265.0,3rd,2:23
6266.0,3rd,2:22
6267.0,3rd,2:21
6268.0,3rd,2:20
6269.0,3rd,2:19
6270.0,3rd,2:18
6271.0,3rd,2:17
6272.0,3rd,2:16
6273.0,3rd,2:15
6274.0,3rd,2:14
6275.0,3rd,2:13
6295.0,3rd,2:12
6296.0,3rd,2:11
6297.0,3rd,2:10
6298.0,3rd,2:09
6299.0,3rd,2:08
6300.0,3rd,2:07
6301.0,3rd,2:06
6302.0,3rd,2:05
6303.0,3rd,2:04
6304.0,3rd,2:03
6305.0,3rd,2:02
6307.0,3rd,2:00
6308.0,3rd,1:59
6309.0,3rd,1:58
6310.0,3rd,1:57
6311.0,3rd,1:56
6312.0,3rd,1:55
6313.0,3rd,1:54
6314.0,3rd,1:53
6355.0,3rd,1:52
6356.0,3rd,1:51
6357.0,3rd,1:50
6358.0,3rd,1:49
6359.0,3rd,1:48
6360.0,3rd,1:47
6363.0,3rd,1:44
6364.0,3rd,1:43
6365.0,3rd,1:42
6366.0,3rd,1:41
6367.0,3rd,1:40
6368.0,3rd,1:39
6369.0,3rd,1:38
6372.0,3rd,1:35
6373.0,3rd,1:34
6374.0,3rd,1:33
6375.0,3rd,1:32
6376.0,3rd,1:31
6377.0,3rd,1:30
6378.0,3rd,1:29
6379.0,3rd,1:28
6380.0,3rd,1:27
6381.0,3rd,1:26
6383.0,3rd,1:24
6384.0,3rd,1:23
6385.0,3rd,1:22
6386.0,3rd,1:21
6387.0,3rd,1:20
6388.0,3rd,1:19
6389.0,3rd,1:18
6391.0,3rd,1:16
6392.0,3rd,1:15
6393.0,3rd,1:14
6394.0,3rd,1:13
6395.0,3rd,1:12
6397.0,3rd,1:10
6398.0,3rd,1:09
6399.0,3rd,1:08
6400.0,3rd,1:07
6402.0,3rd,1:05
6404.0,3rd,1:03
6405.0,3rd,1:02
6406.0,3rd,1:01
6407.0,3rd,59.3
6408.0,3rd,58.3
6409.0,3rd,57.3
6410.0,3rd,56.3
6411.0,3rd,56.1
6432.0,3rd,51.9
6433.0,3rd,50.9
6436.0,3rd,47.9
6437.0,3rd,46.9
6438.0,3rd,45.9
6439.0,3rd,44.9
6440.0,3rd,43.9
6441.0,3rd,42.9
6443.0,3rd,40.9
6448.0,3rd,35.9
6449.0,3rd,34.9
6450.0,3rd,33.9
6451.0,3rd,32.9
6452.0,3rd,31.9
6455.0,3rd,28.9
6456.0,3rd,27.9
6457.0,3rd,26.9
6458.0,3rd,25.9
6459.0,3rd,24.9
6460.0,3rd,23.9
6461.0,3rd,22.9
6462.0,3rd,21.9
6463.0,3rd,20.9
6465.0,3rd,18.9
6466.0,3rd,17.9
6467.0,3rd,16.9
6468.0,3rd,15.9
6469.0,3rd,14.9
6470.0,3rd,13.9
6471.0,3rd,12.9
6473.0,3rd,10.9
6476.0,3rd,7.9
6478.0,3rd,5.9
6483.0,3rd,0.9
6484.0,3rd,0.0
6625.0,4th,9:58
6626.0,4th,9:57
6627.0,4th,9:56
6628.0,4th,9:55
6630.0,4th,9:53
6631.0,4th,9:52
6633.0,4th,9:50
6634.0,4th,9:49
6635.0,4th,9:48
6636.0,4th,9:47
6637.0,4th,9:46
6638.0,4th,9:45
6639.0,4th,9:44
6640.0,4th,9:43
6641.0,4th,9:42
6642.0,4th,9:41
6643.0,4th,9:40
6644.0,4th,9:39
6645.0,4th,9:38
6646.0,4th,9:37
6648.0,4th,9:35
6649.0,4th,9:34
6651.0,4th,9:32
6652.0,4th,9:31
6653.0,4th,9:30
6654.0,4th,9:29
6655.0,4th,9:28
6656.0,4th,9:27
6657.0,4th,9:26
6658.0,4th,9:25
6660.0,4th,9:23
6661.0,4th,9:22
6662.0,4th,9:21
6663.0,4th,9:20
6664.0,4th,9:19
6665.0,4th,9:18
6666.0,4th,9:17
6667.0,4th,9:16
6668.0,4th,9:15
6669.0,4th,9:14
6670.0,4th,9:13
6671.0,4th,9:12
6673.0,4th,9:10
6674.0,4th,9:09
6676.0,4th,9:07
6677.0,4th,9:06
6678.0,4th,9:05
6679.0,4th,9:04
6680.0,4th,9:03
6681.0,4th,9:02
6682.0,4th,9:01
6683.0,4th,9:00
6684.0,4th,8:59
6685.0,4th,8:58
6686.0,4th,8:57
6687.0,4th,8:56
6688.0,4th,8:55
6689.0,4th,8:54
6690.0,4th,8:53
6691.0,4th,8:52
6692.0,4th,8:51
6694.0,4th,8:49
6695.0,4th,8:48
6696.0,4th,8:47
6698.0,4th,8:45
6699.0,4th,8:44
6700.0,4th,8:43
6736.0,4th,8:42
6737.0,4th,8:41
6738.0,4th,8:40
6739.0,4th,8:39
6740.0,4th,8:38
6741.0,4th,8:37
6742.0,4th,8:36
6743.0,4th,8:35
6745.0,4th,8:33
6746.0,4th,8:32
6748.0,4th,8:30
6749.0,4th,8:29
6750.0,4th,8:28
6751.0,4th,8:27
6752.0,4th,8:26
6753.0,4th,8:25
6754.0,4th,8:24
6755.0,4th,8:23
6756.0,4th,8:22
6757.0,4th,8:21
6758.0,4th,8:20
6759.0,4th,8:19
6760.0,4th,8:18
6855.0,4th,8:17
6856.0,4th,8:16
6857.0,4th,8:15
6858.0,4th,8:14
6859.0,4th,8:13
6860.0,4th,8:12
6862.0,4th,8:10
6863.0,4th,8:09
6864.0,4th,8:08
6865.0,4th,8:07
6866.0,4th,8:06
6867.0,4th,8:05
6868.0,4th,8:04
6869.0,4th,8:03
6870.0,4th,8:02
6871.0,4th,8:01
6872.0,4th,8:00
6874.0,4th,7:58
6875.0,4th,7:57
6877.0,4th,7:55
6879.0,4th,7:53
6880.0,4th,7:52
6882.0,4th,7:50
6883.0,4th,7:49
6884.0,4th,7:48
6887.0,4th,7:45
6888.0,4th,7:44
6889.0,4th,7:43
6890.0,4th,7:42
6891.0,4th,7:41
6892.0,4th,7:40
6894.0,4th,7:38
6895.0,4th,7:37
6896.0,4th,7:36
6902.0,4th,7:30
6903.0,4th,7:29
6904.0,4th,7:28
6906.0,4th,7:26
6907.0,4th,7:25
6911.0,4th,7:21
6913.0,4th,7:19
6916.0,4th,7:16
6917.0,4th,7:15
6918.0,4th,7:14
6919.0,4th,7:13
6920.0,4th,7:12
6921.0,4th,7:11
6922.0,4th,7:10
6923.0,4th,7:09
6924.0,4th,7:08
6925.0,4th,7:07
6927.0,4th,7:05
6928.0,4th,7:04
6929.0,4th,7:03
6930.0,4th,7:02
6931.0,4th,7:01
6932.0,4th,7:00
6933.0,4th,6:59
6934.0,4th,6:58
6935.0,4th,6:57
6936.0,4th,6:56
6937.0,4th,6:55
6939.0,4th,6:53
6940.0,4th,6:52
6941.0,4th,6:51
6942.0,4th,6:50
6943.0,4th,6:49
6944.0,4th,6:48
6945.0,4th,6:47
6946.0,4th,6:46
6947.0,4th,6:45
6972.0,4th,6:44
6973.0,4th,6:43
6974.0,4th,6:42
6975.0,4th,6:41
6976.0,4th,6:40
6977.0,4th,6:39
6978.0,4th,6:38
6980.0,4th,6:36
6981.0,4th,6:35
6982.0,4th,6:34
6983.0,4th,6:33
6984.0,4th,6:32
6986.0,4th,6:31
7002.0,4th,6:30
7003.0,4th,6:29
7004.0,4th,6:28
7005.0,4th,6:27
7006.0,4th,6:26
7007.0,4th,6:25
7008.0,4th,6:24
7009.0,4th,6:23
7010.0,4th,6:22
7011.0,4th,6:21
7012.0,4th,6:20
7014.0,4th,6:18
7015.0,4th,6:17
7016.0,4th,6:16
7017.0,4th,6:15
7018.0,4th,6:14
7019.0,4th,6:13
7072.0,4th,6:12
7073.0,4th,6:11
7074.0,4th,6:10
7075.0,4th,6:09
7076.0,4th,6:08
7077.0,4th,6:07
7078.0,4th,6:06
7079.0,4th,6:05
7080.0,4th,6:04
7081.0,4th,6:03
7082.0,4th,6:02
7083.0,4th,6:01
7084.0,4th,6:00
7085.0,4th,5:59
7086.0,4th,5:58
7087.0,4th,5:57
7088.0,4th,5:56
7089.0,4th,5:55
7090.0,4th,5:54
7091.0,4th,5:53
7092.0,4th,5:52
7093.0,4th,5:51
7094.0,4th,5:50
7095.0,4th,5:49
7096.0,4th,5:48
7097.0,4th,5:47
7098.0,4th,5:46
7099.0,4th,5:45
7100.0,4th,5:44
7101.0,4th,5:43
7102.0,4th,5:42
7103.0,4th,5:41
7104.0,4th,5:40
7105.0,4th,5:39
7106.0,4th,5:38
7107.0,4th,5:37
7108.0,4th,5:36
7109.0,4th,5:35
7110.0,4th,5:34
7111.0,4th,5:33
7112.0,4th,5:32
7113.0,4th,5:31
7114.0,4th,5:30
7115.0,4th,5:29
7116.0,4th,5:28
7117.0,4th,5:27
7118.0,4th,5:26
7119.0,4th,5:25
7120.0,4th,5:24
7121.0,4th,5:23
7122.0,4th,5:22
7123.0,4th,5:21
7124.0,4th,5:20
7125.0,4th,5:19
7126.0,4th,5:18
7127.0,4th,5:17
7128.0,4th,5:16
7129.0,4th,5:15
7130.0,4th,5:14
7131.0,4th,5:13
7132.0,4th,5:12
7133.0,4th,5:11
7134.0,4th,5:10
7135.0,4th,5:09
7136.0,4th,5:08
7137.0,4th,5:07
7138.0,4th,5:06
7139.0,4th,5:05
7140.0,4th,5:04
7141.0,4th,5:03
7142.0,4th,5:02
7143.0,4th,5:01
7144.0,4th,5:00
7146.0,4th,4:58
7147.0,4th,4:57
7148.0,4th,4:56
7149.0,4th,4:55
7150.0,4th,4:54
7151.0,4th,4:53
7152.0,4th,4:52
7153.0,4th,4:51
7154.0,4th,4:50
7155.0,4th,4:49
7156.0,4th,4:48
7157.0,4th,4:47
7158.0,4th,4:46
7159.0,4th,4:45
7160.0,4th,4:44
7161.0,4th,4:43
7162.0,4th,4:42
7163.0,4th,4:41
7164.0,4th,4:40
7165.0,4th,4:39
7166.0,4th,4:38
7169.0,4th,4:37
7279.0,4th,4:36
7281.0,4th,4:34
7282.0,4th,4:33
7283.0,4th,4:32
7284.0,4th,4:31
7285.0,4th,4:30
7286.0,4th,4:29
7287.0,4th,4:28
7288.0,4th,4:27
7289.0,4th,4:26
7290.0,4th,4:25
7292.0,4th,4:23
7293.0,4th,4:22
7296.0,4th,4:20
7328.0,4th,4:19
7329.0,4th,4:18
7330.0,4th,4:17
7331.0,4th,4:16
7332.0,4th,4:15
7334.0,4th,4:13
7335.0,4th,4:12
7337.0,4th,4:10
7338.0,4th,4:09
7339.0,4th,4:08
7340.0,4th,4:07
7342.0,4th,4:05
7343.0,4th,4:04
7344.0,4th,4:03
7345.0,4th,4:02
7346.0,4th,4:01
7347.0,4th,4:00
7348.0,4th,3:59
7349.0,4th,3:58
7350.0,4th,3:57
7351.0,4th,3:56
7352.0,4th,3:55
7353.0,4th,3:54
7354.0,4th,3:53
7355.0,4th,3:52
7408.0,4th,3:51
7409.0,4th,3:50
7410.0,4th,3:49
7411.0,4th,3:48
7412.0,4th,3:47
7413.0,4th,3:46
7414.0,4th,3:45
7415.0,4th,3:44
7416.0,4th,3:43
7417.0,4th,3:42
7418.0,4th,3:41
7419.0,4th,3:40
7420.0,4th,3:39
7422.0,4th,3:37
7423.0,4th,3:36
7424.0,4th,3:35
7426.0,4th,3:33
7428.0,4th,3:31
7429.0,4th,3:30
7430.0,4th,3:29
7431.0,4th,3:28
7432.0,4th,3:27
7433.0,4th,3:26
7434.0,4th,3:25
7435.0,4th,3:24
7436.0,4th,3:23
7437.0,4th,3:22
7438.0,4th,3:21
7439.0,4th,3:20
7440.0,4th,3:19
7441.0,4th,3:18
7442.0,4th,3:17
7443.0,4th,3:16
7444.0,4th,3:15
7445.0,4th,3:14
7446.0,4th,3:13
7447.0,4th,3:12
7448.0,4th,3:11
7449.0,4th,3:10
7450.0,4th,3:09
7573.0,4th,3:05
7575.0,4th,3:03
7576.0,4th,3:02
7577.0,4th,3:01
7578.0,4th,3:00
7579.0,4th,2:59
7580.0,4th,2:58
7581.0,4th,2:57
7582.0,4th,2:56
7583.0,4th,2:55
7584.0,4th,2:54
7585.0,4th,2:53
7586.0,4th,2:52
7587.0,4th,2:51
7588.0,4th,2:50
7589.0,4th,2:49
7590.0,4th,2:48
7591.0,4th,2:47
7592.0,4th,2:46
7593.0,4th,2:45
7594.0,4th,2:44
7595.0,4th,2:43
7596.0,4th,2:42
7597.0,4th,2:41
7598.0,4th,2:40
7599.0,4th,2:39
7600.0,4th,2:38
7601.0,4th,2:37
7602.0,4th,2:36
7603.0,4th,2:35
7604.0,4th,2:34
7605.0,4th,2:33
7606.0,4th,2:32
7607.0,4th,2:31
7608.0,4th,2:30
7609.0,4th,2:29
7610.0,4th,2:28
7611.0,4th,2:27
7612.0,4th,2:26
7613.0,4th,2:25
7614.0,4th,2:24
7615.0,4th,2:23
7616.0,4th,2:22
7617.0,4th,2:21
7618.0,4th,2:20
7619.0,4th,2:19
7620.0,4th,2:18
7621.0,4th,2:17
7622.0,4th,2:16
7623.0,4th,2:15
7624.0,4th,2:14
7625.0,4th,2:13
7626.0,4th,2:12
7627.0,4th,2:11
7628.0,4th,2:10
7629.0,4th,2:09
7630.0,4th,2:08
7631.0,4th,2:07
7632.0,4th,2:06
7633.0,4th,2:05
7634.0,4th,2:04
7635.0,4th,2:03
7636.0,4th,2:02
7637.0,4th,2:01
7638.0,4th,2:00
7639.0,4th,1:59
7640.0,4th,1:58
7641.0,4th,1:57
7642.0,4th,1:56
7643.0,4th,1:55
7644.0,4th,1:54
7645.0,4th,1:53
7646.0,4th,1:52
7647.0,4th,1:51
7648.0,4th,1:50
7649.0,4th,1:49
7653.0,4th,1:48
7654.0,4th,1:47
7656.0,4th,1:45
7657.0,4th,1:44
7658.0,4th,1:43
7659.0,4th,1:42
7660.0,4th,1:41
7661.0,4th,1:40
7662.0,4th,1:39
7663.0,4th,1:38
7669.0,4th,1:35
7671.0,4th,1:33
7672.0,4th,1:32
7674.0,4th,1:30
7675.0,4th,1:29
7676.0,4th,1:28
7677.0,4th,1:27
7678.0,4th,1:26
7679.0,4th,1:25
7680.0,4th,1:24
7681.0,4th,1:23
7682.0,4th,1:22
7683.0,4th,1:21
7684.0,4th,1:20
7686.0,4th,1:18
7687.0,4th,1:17
7688.0,4th,1:16
7689.0,4th,1:15
7691.0,4th,1:13
7692.0,4th,1:12
7694.0,4th,1:10
7695.0,4th,1:09
7696.0,4th,1:08
7697.0,4th,1:07
7698.0,4th,1:06
7699.0,4th,1:05
7700.0,4th,1:04
7702.0,4th,1:02
7703.0,4th,1:01
7704.0,4th,59.9
7705.0,4th,58.4
7706.0,4th,57.4
7707.0,4th,56.9
7712.0,4th,56.6
7713.0,4th,55.6
7714.0,4th,54.6
7715.0,4th,53.6
7716.0,4th,52.6
7717.0,4th,51.6
7718.0,4th,50.6
7720.0,4th,48.6
7721.0,4th,48.2
7763.0,4th,45.4
7766.0,4th,43.2
7801.0,4th,40.1
7857.0,4th,39.9
7858.0,4th,38.9
7859.0,4th,37.9
7860.0,4th,36.9
7861.0,4th,35.9
7862.0,4th,34.9
7863.0,4th,33.9
7864.0,4th,32.9
7865.0,4th,31.9
7868.0,4th,28.9
7869.0,4th,27.9
7870.0,4th,26.9
7871.0,4th,25.9
7872.0,4th,24.9
7873.0,4th,23.9
7874.0,4th,22.9
7875.0,4th,21.9
7876.0,4th,20.9
7877.0,4th,20.4
8021.0,4th,20.2
8022.0,4th,19.2
8023.0,4th,18.2
8025.0,4th,16.2
8026.0,4th,15.2
8027.0,4th,14.2
8028.0,4th,13.2
8030.0,4th,11.2
8031.0,4th,10.2
8033.0,4th,8.2
8036.0,4th,5.2
8039.0,4th,2.2
8041.0,4th,0.2
8042.0,4th,0.0
8208.0,OT,4:57
8209.0,OT,4:56
8210.0,OT,4:55
8211.0,OT,4:54
8212.0,OT,4:53
8213.0,OT,4:52
8214.0,OT,4:51
8215.0,OT,4:50
8216.0,OT,4:49
8217.0,OT,4:48
8218.0,OT,4:47
8220.0,OT,4:45
8221.0,OT,4:44
8222.0,OT,4:43
8223.0,OT,4:42
8225.0,OT,4:40
8226.0,OT,4:39
8227.0,OT,4:38
8228.0,OT,4:37
8229.0,OT,4:36
8230.0,OT,4:35
8231.0,OT,4:34
8232.0,OT,4:33
8234.0,OT,4:31
8235.0,OT,4:30
8236.0,OT,4:29
8237.0,OT,4:28
8238.0,OT,4:27
8239.0,OT,4:26
8240.0,OT,4:25
8241.0,OT,4:24
8242.0,OT,4:23
8243.0,OT,4:22
8245.0,OT,4:20
8247.0,OT,4:18
8248.0,OT,4:17
8250.0,OT,4:15
8251.0,OT,4:14
8252.0,OT,4:13
8253.0,OT,4:12
8255.0,OT,4:10
8256.0,OT,4:09
8257.0,OT,4:08
8258.0,OT,4:07
8260.0,OT,4:05
8261.0,OT,4:04
8262.0,OT,4:03
8263.0,OT,4:02
8264.0,OT,4:01
8265.0,OT,4:00
8266.0,OT,3:59
8267.0,OT,3:58
8268.0,OT,3:57
8269.0,OT,3:56
8270.0,OT,3:55
8271.0,OT,3:54
8272.0,OT,3:53
8273.0,OT,3:52
8274.0,OT,3:51
8275.0,OT,3:50
8276.0,OT,3:49
8277.0,OT,3:48
8278.0,OT,3:47
8279.0,OT,3:46
8280.0,OT,3:45
8281.0,OT,3:44
8282.0,OT,3:43
8283.0,OT,3:42
8284.0,OT,3:41
8285.0,OT,3:40
8286.0,OT,3:39
8287.0,OT,3:38
8288.0,OT,3:37
8289.0,OT,3:36
8290.0,OT,3:35
8292.0,OT,3:33
8293.0,OT,3:32
8294.0,OT,3:31
8295.0,OT,3:30
8296.0,OT,3:29
8297.0,OT,3:28
8298.0,OT,3:27
8300.0,OT,3:25
8301.0,OT,3:24
8302.0,OT,3:23
8303.0,OT,3:22
8304.0,OT,3:21
8305.0,OT,3:20
8306.0,OT,3:19
8307.0,OT,3:18
8308.0,OT,3:17
8309.0,OT,3:16
8310.0,OT,3:15
8311.0,OT,3:14
8312.0,OT,3:13
8313.0,OT,3:12
8315.0,OT,3:10
8316.0,OT,3:09
8317.0,OT,3:08
8318.0,OT,3:07
8320.0,OT,3:05
8321.0,OT,3:04
8322.0,OT,3:03
8323.0,OT,3:02
8325.0,OT,3:00
8326.0,OT,2:59
8327.0,OT,2:58
8328.0,OT,2:57
8329.0,OT,2:56
8330.0,OT,2:55
8332.0,OT,2:53
8333.0,OT,2:52
8334.0,OT,2:51
8335.0,OT,2:50
8336.0,OT,2:49
8337.0,OT,2:48
8338.0,OT,2:47
8340.0,OT,2:45
8341.0,OT,2:44
8342.0,OT,2:43
8343.0,OT,2:42
8344.0,OT,2:41
8345.0,OT,2:40
8346.0,OT,2:39
8347.0,OT,2:38
8348.0,OT,2:37
8350.0,OT,2:35
8352.0,OT,2:33
8354.0,OT,2:31
8356.0,OT,2:29
8357.0,OT,2:28
8358.0,OT,2:27
8359.0,OT,2:26
8360.0,OT,2:25
8361.0,OT,2:24
8362.0,OT,2:23
8363.0,OT,2:22
8364.0,OT,2:21
8365.0,OT,2:20
8366.0,OT,2:19
8475.0,OT,2:18
8476.0,OT,2:17
8477.0,OT,2:16
8478.0,OT,2:15
8479.0,OT,2:14
8480.0,OT,2:13
8481.0,OT,2:12
8482.0,OT,2:11
8483.0,OT,2:10
8484.0,OT,2:09
8485.0,OT,2:08
8486.0,OT,2:07
8488.0,OT,2:05
8489.0,OT,2:04
8490.0,OT,2:03
8491.0,OT,2:02
8492.0,OT,2:01
8494.0,OT,1:59
8496.0,OT,1:57
8497.0,OT,1:56
8498.0,OT,1:55
8499.0,OT,1:54
8500.0,OT,1:53
8501.0,OT,1:52
8502.0,OT,1:51
8505.0,OT,1:48
8506.0,OT,1:47
8507.0,OT,1:46
8508.0,OT,1:45
8509.0,OT,1:44
8510.0,OT,1:43
8511.0,OT,1:42
8512.0,OT,1:41
8513.0,OT,1:40
8514.0,OT,1:39
8516.0,OT,1:37
8517.0,OT,1:36
8522.0,OT,1:35
8524.0,OT,1:33
8527.0,OT,1:30
8529.0,OT,1:28
8531.0,OT,1:26
8532.0,OT,1:25
8533.0,OT,1:24
8534.0,OT,1:23
8535.0,OT,1:22
8536.0,OT,1:21
8537.0,OT,1:20
8538.0,OT,1:19
8539.0,OT,1:18
8540.0,OT,1:17
8541.0,OT,1:16
8542.0,OT,1:15
8543.0,OT,1:14
8544.0,OT,1:13
8545.0,OT,1:12
8547.0,OT,1:10
8548.0,OT,1:09
8549.0,OT,1:08
8550.0,OT,1:07
8551.0,OT,1:06
8555.0,OT,1:05
8556.0,OT,1:04
8557.0,OT,1:03
8558.0,OT,1:02
8559.0,OT,1:01
8564.0,OT,55.3
8628.0,OT,55.2
8629.0,OT,54.2
8630.0,OT,53.2
8631.0,OT,52.3
8633.0,OT,50.2
8634.0,OT,49.2
8635.0,OT,48.2
8637.0,OT,46.2
8638.0,OT,45.2
8639.0,OT,44.2
8641.0,OT,42.2
8642.0,OT,41.2
8643.0,OT,40.2
8644.0,OT,39.2
8645.0,OT,38.2
8648.0,OT,35.2
8649.0,OT,34.2
8650.0,OT,33.2
8651.0,OT,32.2
8652.0,OT,31.2
8653.0,OT,30.2
8654.0,OT,29.2
8655.0,OT,28.2
8657.0,OT,26.2
8658.0,OT,25.2
8659.0,OT,24.2
8660.0,OT,23.2
8661.0,OT,22.2
8662.0,OT,21.2
8664.0,OT,19.2
8665.0,OT,18.2
8666.0,OT,17.2
8673.0,OT,16.5
8674.0,OT,15.5
8675.0,OT,14.5
8677.0,OT,12.6
8678.0,OT,11.6
8679.0,OT,10.6
8680.0,OT,9.6
8681.0,OT,8.6
8690.0,OT,2.9
8693.0,OT,0.0
