video_time_sec,game_clock
983.0,9:57
985.0,9:55
986.0,9:54
989.0,9:51
990.0,9:50
991.0,9:49
992.0,9:48
993.0,9:47
994.0,9:46
995.0,9:45
1034.0,9:42
1035.0,9:41
1036.0,9:40
1037.0,9:39
1038.0,9:38
1041.0,9:35
1042.0,9:34
1044.0,9:32
1045.0,9:31
1046.0,9:30
1047.0,9:29
1048.0,9:28
1052.0,9:24
1053.0,9:23
1054.0,9:22
1056.0,9:20
1057.0,9:19
1058.0,9:18
1059.0,9:17
1060.0,9:16
1061.0,9:15
1062.0,9:14
1063.0,9:13
1064.0,9:12
1065.0,9:11
1067.0,9:09
1068.0,9:08
1069.0,9:07
1070.0,9:06
1071.0,9:05
1072.0,9:04
1073.0,9:03
1074.0,9:02
1075.0,9:01
1076.0,9:00
1077.0,8:59
1078.0,8:58
1079.0,8:57
1080.0,8:56
1081.0,8:55
1082.0,8:54
1083.0,8:53
1084.0,8:52
1086.0,8:50
1087.0,8:49
1088.0,8:48
1095.0,8:41
1097.0,8:39
1098.0,8:38
1099.0,8:37
1100.0,8:36
1101.0,8:35
1102.0,8:34
1107.0,8:29
1108.0,8:28
1112.0,8:24
1113.0,8:23
1115.0,8:21
1116.0,8:20
1117.0,8:19
1118.0,8:18
1119.0,8:17
1122.0,8:14
1124.0,8:12
1126.0,8:10
1128.0,8:08
1129.0,8:07
1133.0,8:03
1134.0,8:02
1135.0,8:01
1136.0,8:00
1137.0,7:59
1139.0,7:57
1140.0,7:56
1141.0,7:55
1143.0,7:53
1145.0,7:51
1146.0,7:50
1147.0,7:49
1149.0,7:47
1150.0,7:46
1151.0,7:45
1152.0,7:44
1155.0,7:41
1159.0,7:37
1161.0,7:35
1167.0,7:29
1168.0,7:28
1169.0,7:27
1170.0,7:26
1171.0,7:25
1172.0,7:24
1173.0,7:23
1174.0,7:22
1175.0,7:21
1176.0,7:20
1177.0,7:19
1178.0,7:18
1179.0,7:17
1180.0,7:16
1181.0,7:15
1182.0,7:14
1184.0,7:13
1200.0,7:12
1202.0,7:10
1203.0,7:09
1204.0,7:08
1205.0,7:07
1206.0,7:06
1207.0,7:05
1209.0,7:03
1211.0,7:01
1212.0,7:00
1213.0,6:59
1214.0,6:58
1217.0,6:55
1219.0,6:53
1220.0,6:52
1253.0,6:51
1256.0,6:49
1257.0,6:47
1258.0,6:46
1259.0,6:45
1262.0,6:42
1295.0,6:40
1371.0,6:39
1372.0,6:38
1374.0,6:36
1375.0,6:35
1376.0,6:34
1425.0,6:33
1426.0,6:32
1428.0,6:30
1429.0,6:29
1430.0,6:28
1471.0,6:25
1474.0,6:22
1477.0,6:19
1479.0,6:17
1482.0,6:14
1483.0,6:13
1486.0,6:10
1487.0,6:09
1488.0,6:08
1490.0,6:06
1491.0,6:05
1495.0,6:01
1496.0,6:00
1497.0,5:59
1499.0,5:57
1501.0,5:55
1502.0,5:54
1503.0,5:53
1504.0,5:52
1505.0,5:51
1506.0,5:50
1507.0,5:49
1510.0,5:46
1514.0,5:42
1517.0,5:39
1518.0,5:38
1519.0,5:37
1520.0,5:36
1522.0,5:34
1523.0,5:33
1524.0,5:32
1526.0,5:30
1527.0,5:29
1528.0,5:28
1529.0,5:27
1531.0,5:25
1532.0,5:24
1533.0,5:23
1534.0,5:22
1535.0,5:21
1537.0,5:19
1538.0,5:18
1539.0,5:17
1540.0,5:16
1541.0,5:15
1544.0,5:12
1546.0,5:10
1547.0,5:09
1548.0,5:08
1549.0,5:07
1550.0,5:06
1551.0,5:05
1552.0,5:04
1553.0,5:03
1554.0,5:02
1555.0,5:01
1558.0,4:58
1559.0,4:57
1560.0,4:56
1561.0,4:55
1563.0,4:53
1564.0,4:52
1565.0,4:51
1567.0,4:49
1568.0,4:48
1569.0,4:47
1570.0,4:46
1576.0,4:40
1577.0,4:39
1578.0,4:38
1579.0,4:37
1580.0,4:36
1581.0,4:35
1582.0,4:34
1583.0,4:33
1584.0,4:32
1585.0,4:31
1586.0,4:30
1587.0,4:29
1588.0,4:28
1589.0,4:27
1590.0,4:26
1595.0,4:21
1596.0,4:20
1597.0,4:19
1598.0,4:18
1600.0,4:16
1601.0,4:15
1602.0,4:14
1603.0,4:13
1604.0,4:12
1606.0,4:10
1607.0,4:09
1608.0,4:08
1609.0,4:07
1610.0,4:06
1611.0,4:05
1612.0,4:04
1768.0,4:03
1772.0,3:59
1773.0,3:58
1776.0,3:55
1777.0,3:54
1911.0,3:53
1912.0,3:52
1914.0,3:50
1918.0,3:46
1925.0,3:39
1926.0,3:38
1927.0,3:37
1929.0,3:35
1930.0,3:34
1992.0,3:33
1993.0,3:32
1994.0,3:31
1995.0,3:30
1999.0,3:28
2024.0,3:27
2025.0,3:26
2029.0,3:21
2048.0,3:17
2050.0,3:15
2051.0,3:14
2052.0,3:13
2053.0,3:12
2056.0,3:09
2058.0,3:07
2059.0,3:06
2060.0,3:05
2062.0,3:03
2063.0,3:02
2064.0,3:01
2065.0,3:00
2066.0,2:59
2067.0,2:58
2068.0,2:57
2071.0,2:54
2072.0,2:53
2073.0,2:52
2074.0,2:51
2075.0,2:50
2079.0,2:46
2083.0,2:42
2084.0,2:41
2085.0,2:40
2086.0,2:39
2087.0,2:38
2088.0,2:37
2089.0,2:36
2092.0,2:33
2095.0,2:30
2097.0,2:28
2172.0,2:27
2173.0,2:26
2174.0,2:25
2175.0,2:24
2176.0,2:23
2178.0,2:21
2179.0,2:20
2180.0,2:19
2181.0,2:18
2182.0,2:17
2185.0,2:14
2186.0,2:13
2188.0,2:11
2189.0,2:10
2190.0,2:09
2191.0,2:08
2194.0,2:05
2195.0,2:04
2198.0,2:01
2203.0,1:56
2204.0,1:55
2208.0,1:51
2209.0,1:50
2212.0,1:47
2214.0,1:45
2217.0,1:42
2219.0,1:40
2220.0,1:39
2224.0,1:35
2225.0,1:34
2226.0,1:33
2227.0,1:32
2228.0,1:31
2229.0,1:30
2231.0,1:28
2234.0,1:25
2235.0,1:24
2236.0,1:23
2237.0,1:22
2238.0,1:21
2239.0,1:20
2240.0,1:19
2241.0,1:18
2242.0,1:17
2243.0,1:16
2244.0,1:15
2245.0,1:14
2246.0,1:13
2247.0,1:12
2249.0,1:10
2250.0,1:09
2252.0,1:07
2253.0,1:06
2254.0,1:05
2256.0,1:03
2257.0,1:02
2258.0,1:01
2780.0,9:57
2782.0,9:55
2795.0,9:42
2796.0,9:41
2800.0,9:37
2802.0,9:35
2804.0,9:33
2805.0,9:32
2807.0,9:30
2809.0,9:28
2811.0,9:26
2812.0,9:25
2813.0,9:24
2814.0,9:23
2815.0,9:22
2816.0,9:21
2817.0,9:20
2818.0,9:19
2819.0,9:18
2820.0,9:17
2821.0,9:16
2822.0,9:15
2823.0,9:14
2824.0,9:13
2825.0,9:12
2827.0,9:11
2861.0,9:09
2863.0,9:07
2865.0,9:05
2867.0,9:03
2868.0,9:02
2870.0,9:00
2871.0,8:59
2875.0,8:55
2877.0,8:53
2878.0,8:52
2880.0,8:50
2881.0,8:49
2882.0,8:48
2887.0,8:43
2888.0,8:42
2889.0,8:41
2891.0,8:39
2892.0,8:38
2894.0,8:36
2895.0,8:35
2898.0,8:32
2899.0,8:31
2900.0,8:30
2901.0,8:29
2902.0,8:28
2904.0,8:26
2905.0,8:25
2909.0,8:21
2910.0,8:20
2912.0,8:18
2914.0,8:16
2916.0,8:14
2918.0,8:12
2919.0,8:11
2920.0,8:10
2922.0,8:08
2923.0,8:07
2924.0,8:06
2926.0,8:04
2928.0,8:02
2929.0,8:01
2931.0,7:59
2932.0,7:58
2933.0,7:57
2934.0,7:56
2935.0,7:55
2936.0,7:54
2937.0,7:53
2939.0,7:51
2941.0,7:49
2946.0,7:44
2950.0,7:40
2951.0,7:39
2952.0,7:38
2953.0,7:37
2954.0,7:36
2955.0,7:35
2956.0,1:34
2957.0,7:33
2958.0,7:32
2959.0,7:31
2962.0,7:28
2963.0,7:27
2965.0,7:25
2966.0,7:24
2967.0,7:23
2968.0,7:22
2969.0,1:21
2970.0,7:20
2971.0,7:19
2972.0,7:18
2973.0,7:17
2974.0,7:16
2975.0,7:15
2977.0,7:14
3061.0,7:10
3062.0,7:14
3075.0,1:14
3076.0,7:14
3083.0,7:13
3084.0,7:12
3087.0,7:09
3090.0,7:06
3091.0,7:05
3092.0,7:04
3093.0,7:03
3094.0,7:02
3097.0,6:59
3099.0,6:57
3197.0,6:54
3198.0,6:53
3199.0,6:52
3200.0,6:51
3202.0,6:49
3210.0,6:41
3212.0,6:39
3213.0,6:38
3214.0,6:37
3217.0,6:34
3218.0,6:33
3221.0,6:30
3222.0,6:29
3223.0,6:28
3231.0,6:20
3232.0,6:19
3233.0,6:18
3235.0,6:16
3237.0,6:14
3238.0,6:13
3276.0,6:10
3278.0,6:08
3280.0,6:07
3283.0,6:03
3287.0,5:59
3288.0,5:58
3292.0,5:54
3294.0,5:52
3295.0,5:51
3299.0,5:47
3300.0,5:46
3303.0,5:43
3304.0,5:42
3307.0,5:39
3308.0,5:38
3309.0,5:37
3311.0,5:35
3312.0,5:34
3313.0,5:33
3314.0,5:32
3315.0,5:31
3316.0,5:50
3317.0,5:29
3318.0,5:28
3319.0,5:27
3430.0,5:24
3432.0,5:22
3433.0,5:21
3434.0,5:20
3435.0,5:19
3436.0,5:18
3437.0,5:17
3438.0,5:16
3439.0,5:15
3440.0,5:14
3441.0,5:13
3443.0,5:11
3444.0,5:10
3445.0,5:09
3447.0,5:07
3449.0,5:05
3451.0,5:03
3452.0,5:02
3453.0,5:01
3455.0,4:59
3456.0,4:58
3616.0,4:53
3618.0,4:51
3619.0,4:50
3620.0,4:49
3637.0,4:48
3638.0,4:47
3639.0,4:46
3641.0,4:44
3643.0,4:42
3644.0,4:41
3645.0,4:40
3646.0,4:39
3647.0,4:38
3648.0,4:37
3649.0,4:36
3650.0,4:35
3651.0,4:34
3652.0,4:33
3654.0,4:31
3655.0,4:30
3656.0,4:29
3657.0,4:28
3658.0,4:27
3659.0,4:26
3660.0,4:25
3661.0,4:24
3663.0,4:22
3665.0,4:20
3666.0,4:19
3667.0,4:18
3669.0,4:16
3670.0,4:15
3671.0,4:14
3673.0,4:12
3741.0,4:11
3743.0,4:09
3744.0,4:08
3745.0,4:07
3746.0,4:06
3747.0,4:05
3748.0,4:04
3749.0,4:03
3750.0,4:02
3751.0,4:01
3753.0,3:59
3754.0,3:58
3755.0,3:57
3758.0,3:54
3759.0,3:53
3760.0,3:52
3851.0,3:51
3852.0,3:50
3853.0,3:49
3856.0,3:46
3857.0,3:45
3859.0,3:43
3862.0,3:40
3863.0,3:39
3864.0,3:38
3868.0,3:34
3871.0,3:31
3872.0,3:30
3873.0,3:29
3874.0,3:28
3920.0,3:24
3921.0,3:23
3924.0,3:20
3925.0,3:19
3926.0,3:18
3927.0,3:17
3928.0,3:16
3929.0,3:15
3930.0,3:14
3931.0,3:13
3932.0,3:12
3935.0,3:09
3936.0,3:08
3937.0,3:07
3938.0,3:06
3942.0,3:02
3943.0,3:01
3944.0,3:00
3945.0,2:59
3946.0,2:58
3947.0,2:57
3948.0,2:56
3949.0,2:55
3950.0,2:54
3951.0,2:53
3952.0,2:52
3953.0,2:51
3954.0,2:50
3955.0,2:49
3957.0,2:47
3958.0,2:46
3959.0,2:45
3960.0,2:44
3963.0,2:41
3964.0,2:40
3965.0,2:39
3966.0,2:38
3968.0,2:36
3969.0,2:35
3971.0,2:33
3972.0,2:32
3973.0,2:31
3974.0,2:30
3975.0,2:29
3976.0,2:28
3977.0,2:27
3978.0,2:26
3979.0,2:25
3980.0,2:24
3981.0,2:23
3983.0,2:21
3984.0,2:20
3985.0,2:19
3986.0,2:18
3987.0,2:17
3988.0,2:16
3989.0,2:15
3990.0,2:14
3991.0,2:13
3992.0,2:12
3993.0,2:11
4067.0,2:10
4068.0,2:09
4070.0,2:07
4071.0,2:06
4072.0,2:05
4093.0,2:03
4094.0,2:02
4111.0,2:01
4112.0,2:00
4113.0,1:59
4114.0,1:58
4115.0,1:57
4117.0,1:55
4118.0,1:54
4119.0,1:53
4120.0,1:52
4121.0,1:51
4122.0,1:50
4125.0,1:47
4128.0,1:44
4131.0,1:41
4132.0,1:40
4133.0,1:39
4134.0,1:38
4138.0,1:34
4139.0,1:33
4141.0,1:31
4142.0,1:30
4144.0,1:28
4146.0,1:26
4147.0,1:25
4148.0,1:24
4150.0,1:22
4151.0,1:21
4152.0,1:20
4153.0,1:19
4154.0,1:18
4155.0,1:17
4156.0,1:16
4157.0,1:15
4158.0,1:14
4159.0,1:13
4160.0,1:12
4162.0,1:10
4163.0,1:09
4164.0,1:08
4165.0,1:07
4166.0,1:06
4167.0,1:05
4169.0,1:03
4171.0,1:01
5513.0,9:54
5516.0,9:51
5519.0,9:48
5520.0,9:47
5522.0,9:45
5528.0,9:39
5529.0,9:38
5530.0,9:37
5531.0,9:36
5535.0,9:32
5537.0,9:30
5539.0,9:28
5540.0,9:27
5541.0,9:26
5543.0,9:24
5545.0,9:22
5546.0,9:21
5547.0,9:20
5548.0,9:19
5549.0,9:18
5550.0,9:17
5553.0,9:14
5554.0,9:13
5556.0,9:11
5557.0,9:10
5558.0,9:09
5559.0,9:08
5560.0,9:07
5561.0,9:06
5563.0,9:04
5564.0,9:03
5565.0,9:02
5566.0,9:01
5590.0,9:00
5591.0,8:59
5593.0,8:57
5594.0,8:56
5595.0,8:55
5597.0,8:53
5598.0,8:52
5599.0,8:51
5601.0,8:49
5603.0,8:48
5626.0,8:46
5627.0,8:45
5630.0,8:42
5631.0,8:41
5633.0,8:39
5634.0,8:38
5636.0,8:36
5639.0,8:33
5640.0,8:32
5641.0,8:31
5644.0,8:28
5647.0,8:25
5648.0,8:24
5649.0,8:23
5650.0,8:22
5652.0,8:20
5653.0,8:19
5654.0,8:18
5655.0,8:17
5657.0,8:15
5659.0,8:13
5660.0,8:12
5664.0,8:08
5665.0,8:07
5666.0,8:06
5694.0,8:05
5695.0,8:04
5697.0,8:02
5698.0,8:01
5699.0,8:00
5701.0,7:58
5702.0,7:57
5703.0,7:56
5704.0,7:55
5706.0,7:53
5707.0,7:52
5708.0,7:51
5709.0,7:50
5710.0,7:49
5711.0,7:48
5712.0,7:47
5713.0,7:46
5715.0,7:44
5717.0,7:42
5718.0,7:41
5720.0,7:39
5721.0,7:38
5722.0,7:37
5726.0,7:33
5727.0,7:32
5728.0,7:31
5729.0,7:30
5730.0,7:29
5731.0,7:28
5733.0,7:26
5755.0,7:25
5756.0,7:24
5757.0,7:23
5758.0,7:22
5759.0,7:21
5760.0,7:20
5761.0,7:19
5762.0,7:18
5763.0,7:17
5764.0,7:16
5765.0,7:15
5767.0,7:13
5768.0,7:12
5770.0,7:10
5772.0,7:08
5773.0,7:07
5774.0,7:06
5775.0,7:05
5777.0,7:03
5844.0,6:59
5845.0,6:58
5848.0,6:55
5849.0,6:54
5851.0,6:52
5852.0,6:51
5857.0,6:46
5858.0,6:45
5865.0,6:44
5887.0,6:39
5888.0,6:38
5890.0,6:36
5891.0,6:35
5892.0,6:34
5893.0,6:33
5894.0,6:32
5896.0,6:30
5897.0,6:29
5898.0,6:28
5902.0,6:24
5904.0,6:22
5905.0,6:21
5906.0,6:20
5907.0,6:19
5908.0,6:18
6017.0,6:15
6019.0,6:13
6033.0,6:12
6035.0,6:10
6038.0,6:07
6042.0,6:03
6043.0,6:02
6044.0,6:01
6045.0,6:00
6046.0,5:59
6047.0,5:58
6048.0,5:57
6049.0,5:56
6050.0,5:55
6051.0,5:54
6052.0,5:53
6053.0,5:52
6054.0,5:51
6074.0,5:50
6077.0,5:47
6078.0,5:46
6079.0,5:45
6081.0,5:43
6082.0,5:42
6083.0,5:41
6084.0,5:40
6085.0,5:39
6086.0,5:38
6087.0,5:37
6089.0,5:35
6091.0,5:33
6092.0,5:32
6228.0,5:31
6229.0,5:30
6230.0,5:29
6231.0,5:28
6232.0,5:27
6233.0,5:26
6234.0,5:25
6235.0,5:24
6236.0,5:23
6238.0,5:21
6239.0,5:20
6240.0,5:19
6241.0,5:18
6243.0,5:16
6244.0,5:15
6246.0,5:13
6247.0,5:12
6248.0,5:11
6249.0,5:10
6250.0,5:09
6251.0,5:08
6252.0,5:07
6253.0,5:06
6257.0,5:02
6258.0,5:01
6260.0,4:59
6261.0,4:58
6262.0,4:57
6263.0,4:56
6264.0,4:55
6280.0,4:53
6281.0,4:52
6282.0,4:51
6283.0,4:50
6284.0,4:49
6285.0,4:48
6289.0,4:44
6291.0,4:42
6292.0,4:41
6294.0,4:39
6295.0,4:38
6296.0,4:37
6297.0,4:36
6298.0,4:35
6299.0,4:34
6300.0,4:33
6302.0,4:31
6303.0,4:30
6304.0,4:29
6305.0,4:28
6306.0,4:27
6307.0,4:26
6308.0,4:25
6310.0,4:23
6311.0,4:22
6312.0,4:21
6314.0,4:19
6315.0,4:18
6317.0,4:16
6318.0,4:15
6319.0,4:14
6320.0,4:13
6323.0,4:10
6324.0,4:09
6326.0,4:07
6327.0,4:06
6328.0,4:05
6329.0,4:04
6330.0,4:03
6331.0,4:02
6332.0,4:01
6333.0,4:00
6334.0,3:59
6335.0,3:58
6341.0,3:52
6342.0,3:51
6367.0,3:50
6368.0,3:49
6369.0,3:48
6370.0,3:47
6372.0,3:45
6373.0,3:44
6374.0,3:43
6375.0,3:42
6452.0,3:41
6454.0,3:39
6455.0,3:38
6456.0,3:37
6460.0,3:33
6462.0,3:31
6463.0,3:30
6464.0,3:29
6469.0,3:24
6472.0,3:21
6473.0,3:20
6474.0,3:19
6482.0,3:11
6484.0,3:09
6485.0,3:08
6486.0,3:07
6487.0,3:06
6488.0,3:05
6490.0,3:03
6493.0,3:00
6494.0,2:59
6495.0,2:58
6496.0,2:57
6497.0,2:56
6498.0,2:55
6500.0,2:53
6501.0,2:52
6502.0,2:51
6503.0,2:50
6504.0,2:49
6505.0,2:48
6506.0,2:47
6507.0,2:46
6508.0,2:45
6510.0,2:43
6511.0,2:42
6512.0,2:41
6513.0,2:40
6514.0,2:39
6591.0,2:38
6592.0,2:37
6594.0,2:35
6595.0,2:34
6596.0,2:33
6597.0,2:32
6598.0,2:31
6599.0,2:30
6600.0,2:29
6628.0,2:26
6629.0,2:25
6630.0,2:24
6631.0,2:23
6632.0,2:22
6633.0,2:21
6634.0,2:20
6635.0,2:19
6636.0,2:18
6637.0,2:17
6638.0,2:16
6639.0,2:15
6640.0,2:14
6641.0,2:13
6642.0,2:12
6643.0,2:11
6645.0,2:09
6646.0,2:08
6647.0,2:07
6648.0,2:06
6649.0,2:05
6650.0,2:04
6651.0,2:03
6652.0,2:02
6653.0,2:01
6656.0,1:58
6662.0,1:52
6663.0,1:51
6664.0,1:50
6665.0,1:49
6671.0,1:43
6672.0,1:42
6673.0,1:41
6674.0,1:40
6675.0,1:39
6779.0,1:38
6780.0,1:37
6781.0,1:36
6782.0,1:35
6783.0,1:34
6784.0,1:33
6785.0,1:32
6786.0,1:31
6787.0,1:30
6788.0,1:29
6789.0,1:28
6791.0,1:26
6792.0,1:25
6793.0,1:24
6794.0,1:23
6796.0,1:21
6797.0,1:20
6798.0,1:19
6820.0,1:18
6822.0,1:16
6823.0,1:15
6824.0,1:14
6825.0,1:13
6826.0,1:12
6829.0,1:09
6831.0,1:07
6832.0,1:06
6833.0,1:05
6834.0,1:04
6835.0,1:03
6836.0,1:02
6837.0,1:01
7092.0,9:55
7093.0,9:54
7094.0,9:53
7095.0,9:52
7096.0,9:51
7097.0,9:50
7098.0,9:49
7099.0,9:48
7100.0,9:47
7104.0,9:43
7106.0,9:41
7107.0,9:40
7108.0,9:39
7109.0,9:38
7110.0,9:37
7111.0,9:36
7112.0,9:35
7113.0,9:34
7114.0,9:33
7115.0,9:32
7116.0,9:31
7140.0,9:30
7141.0,9:29
7142.0,9:28
7143.0,9:27
7144.0,9:26
7145.0,9:25
7147.0,9:23
7148.0,9:22
7149.0,9:21
7150.0,9:20
7230.0,9:19
7231.0,9:18
7232.0,9:17
7233.0,9:16
7234.0,9:15
7236.0,9:13
7237.0,9:12
7238.0,9:11
7239.0,9:10
7240.0,9:09
7241.0,9:08
7242.0,9:07
7243.0,9:06
7244.0,9:05
7245.0,9:04
7246.0,9:03
7247.0,9:02
7248.0,9:01
7250.0,8:59
7254.0,8:55
7256.0,8:53
7257.0,8:52
7258.0,8:51
7261.0,8:48
7263.0,8:46
7264.0,8:45
7265.0,8:44
7266.0,8:43
7300.0,8:41
7302.0,8:39
7303.0,8:38
7305.0,8:36
7306.0,8:35
7311.0,8:30
7312.0,8:29
7315.0,8:26
7316.0,8:25
7317.0,8:24
7318.0,8:23
7319.0,8:22
7320.0,8:21
7321.0,8:20
7324.0,8:17
7326.0,8:15
7328.0,8:13
7331.0,8:10
7332.0,8:09
7333.0,8:08
7335.0,8:06
7337.0,8:04
7339.0,8:02
7341.0,8:00
7342.0,7:59
7343.0,7:58
7344.0,7:57
7452.0,7:52
7453.0,7:51
7454.0,7:50
7455.0,7:49
7456.0,7:48
7457.0,7:47
7458.0,7:46
7459.0,7:45
7461.0,7:43
7462.0,7:42
7465.0,7:39
7466.0,7:38
7467.0,7:37
7468.0,7:36
7469.0,7:35
7471.0,7:33
7473.0,7:31
7474.0,7:30
7475.0,7:29
7476.0,7:28
7477.0,7:27
7478.0,7:26
7479.0,7:25
7480.0,7:24
7481.0,7:23
7482.0,7:22
7483.0,7:21
7484.0,7:20
7485.0,7:19
7486.0,7:18
7487.0,7:17
7488.0,7:16
7489.0,7:15
7491.0,7:13
7492.0,7:12
7494.0,7:10
7495.0,7:09
7497.0,7:07
7498.0,7:06
7499.0,7:05
7502.0,7:02
7503.0,7:01
7505.0,6:59
7506.0,6:58
7507.0,6:57
7508.0,6:56
7512.0,6:54
7612.0,6:55
7631.0,6:54
7632.0,6:53
7633.0,6:52
7634.0,6:51
7636.0,6:50
7673.0,6:47
7674.0,6:46
7679.0,6:41
7681.0,6:39
7682.0,6:38
7683.0,6:37
7684.0,6:36
7685.0,6:35
7686.0,6:34
7687.0,6:33
7688.0,6:32
7690.0,6:30
7692.0,6:28
7734.0,6:25
7735.0,6:24
7736.0,6:23
7738.0,6:21
7739.0,6:20
7741.0,6:18
7743.0,6:16
7744.0,6:15
7746.0,6:13
7747.0,6:12
7751.0,6:08
7754.0,6:05
7756.0,6:03
7760.0,5:59
7764.0,5:55
7766.0,5:53
7767.0,5:52
7768.0,5:51
7770.0,5:49
7773.0,5:46
7774.0,5:45
7775.0,5:44
7778.0,5:41
7780.0,5:40
7781.0,5:38
7782.0,5:37
7783.0,5:36
7784.0,5:35
7785.0,5:34
7786.0,5:33
7787.0,5:32
7788.0,5:31
7789.0,5:30
7790.0,5:29
7791.0,5:28
7792.0,5:27
7793.0,5:26
7823.0,5:25
7826.0,5:22
7827.0,5:21
7828.0,5:20
7829.0,5:19
7830.0,5:18
7834.0,5:14
7835.0,5:13
7836.0,5:12
7837.0,5:11
7838.0,5:10
7839.0,5:09
7840.0,5:08
7841.0,5:07
7847.0,5:01
7849.0,4:59
7850.0,4:58
7852.0,4:56
7854.0,4:54
7855.0,4:53
7856.0,4:52
7857.0,4:51
7858.0,4:50
7859.0,4:49
7860.0,4:48
7861.0,4:47
7862.0,4:46
7863.0,4:45
7864.0,4:44
7865.0,4:43
7867.0,4:41
7868.0,4:40
7869.0,4:39
7870.0,4:38
7871.0,4:37
7872.0,4:36
7873.0,4:35
7874.0,4:34
7875.0,4:33
7877.0,4:31
7878.0,4:30
7879.0,4:29
7880.0,4:28
7881.0,4:27
7882.0,4:26
7883.0,4:25
7884.0,4:24
7888.0,4:20
7889.0,4:19
7890.0,4:18
7891.0,4:17
7893.0,4:15
7894.0,4:14
7895.0,4:13
7896.0,4:12
7897.0,4:11
7899.0,4:09
7901.0,4:07
8000.0,4:02
8001.0,4:01
8007.0,3:55
8010.0,3:52
8011.0,3:51
8012.0,3:50
8013.0,3:49
8023.0,3:39
8024.0,3:38
8025.0,3:37
8028.0,3:34
8030.0,3:32
8031.0,3:31
8032.0,3:30
8040.0,3:22
8041.0,3:21
8042.0,3:20
8043.0,3:19
8045.0,3:17
8046.0,3:16
8051.0,3:11
8052.0,3:10
8053.0,3:09
8054.0,3:08
8055.0,3:07
8056.0,3:06
8059.0,3:03
8060.0,3:02
8063.0,2:59
8064.0,2:58
8065.0,2:57
8067.0,2:55
8068.0,2:54
8070.0,2:52
8071.0,2:51
8074.0,2:48
8075.0,2:47
8076.0,2:46
8077.0,2:45
8079.0,2:43
8080.0,2:42
8081.0,2:41
8082.0,2:40
8083.0,2:39
8084.0,2:38
8085.0,2:37
8086.0,2:36
8127.0,2:35
8128.0,2:34
8129.0,2:33
8130.0,2:32
8131.0,2:31
8132.0,2:30
8133.0,2:29
8231.0,2:22
8232.0,2:21
8233.0,2:20
8235.0,2:18
8236.0,2:17
8238.0,2:15
8239.0,2:14
8240.0,2:13
8241.0,2:12
8242.0,2:11
8243.0,2:10
8244.0,2:09
8274.0,2:08
8275.0,2:07
8318.0,2:06
8319.0,2:05
8320.0,2:04
8321.0,2:03
8322.0,2:02
8323.0,2:01
8336.0,2:00
8373.0,1:57
8388.0,1:56
8429.0,1:53
8430.0,1:52
8431.0,1:51
8432.0,1:50
8433.0,1:49
8435.0,1:47
8440.0,1:42
8441.0,1:41
8443.0,1:39
8446.0,1:36
8447.0,1:35
8448.0,1:34
8450.0,1:32
8451.0,1:31
8452.0,1:30
8501.0,1:27
8502.0,1:26
8503.0,1:25
8504.0,1:24
8505.0,1:23
8506.0,1:22
8508.0,1:20
8511.0,1:17
8512.0,1:16
8513.0,1:15
8514.0,1:14
8570.0,1:13
8571.0,1:12
8573.0,1:10
8574.0,1:09
8575.0,1:08
8576.0,1:07
8580.0,1:03
8581.0,1:02
